Scenario Number,Top 8 3rd place teams,1A,1B,1D,1E,1G,1I,1K,1L
1,EFGHIJKL,3E,3J,3I,3F,3H,3G,3L,3K
2,DFGHIJKL,3H,3G,3I,3D,3J,3F,3L,3K
3,DEGHIJKL,3E,3J,3I,3D,3H,3G,3L,3K
4,DEFHIJKL,3E,3J,3I,3D,3H,3F,3L,3K
5,DEFGIJKL,3E,3G,3I,3D,3J,3F,3L,3K
6,DEFGHJKL,3E,3G,3J,3D,3H,3F,3L,3K
7,DEFGHIKL,3E,3G,3I,3D,3H,3F,3L,3K
8,DEFGHIJL,3E,3G,3J,3D,3H,3F,3L,3I
9,DEFGHIJK,3E,3G,3J,3D,3H,3F,3I,3K
10,CFGHIJKL,3H,3G,3I,3C,3J,3F,3L,3K
11,CEGHIJKL,3E,3J,3I,3C,3H,3G,3L,3K
12,CEFHIJKL,3E,3J,3I,3C,3H,3F,3L,3K
13,CEFGIJKL,3E,3G,3I,3C,3J,3F,3L,3K
14,CEFGHJKL,3E,3G,3J,3C,3H,3F,3L,3K
15,CEFGHIKL,3E,3G,3I,3C,3H,3F,3L,3K
16,CEFGHIJL,3E,3G,3J,3C,3H,3F,3L,3I
17,CEFGHIJK,3E,3G,3J,3C,3H,3F,3I,3K
18,CDGHIJKL,3H,3G,3I,3C,3J,3D,3L,3K
19,CDFHIJKL,3C,3J,3I,3D,3H,3F,3L,3K
20,CDFGIJKL,3C,3G,3I,3D,3J,3F,3L,3K
21,CDFGHJKL,3C,3G,3J,3D,3H,3F,3L,3K
22,CDFGHIKL,3C,3G,3I,3D,3H,3F,3L,3K
23,CDFGHIJL,3C,3G,3J,3D,3H,3F,3L,3I
24,CDFGHIJK,3C,3G,3J,3D,3H,3F,3I,3K
25,CDEHIJKL,3E,3J,3I,3C,3H,3D,3L,3K
26,CDEGIJKL,3E,3G,3I,3C,3J,3D,3L,3K
27,CDEGHJKL,3E,3G,3J,3C,3H,3D,3L,3K
28,CDEGHIKL,3E,3G,3I,3C,3H,3D,3L,3K
29,CDEGHIJL,3E,3G,3J,3C,3H,3D,3L,3I
30,CDEGHIJK,3E,3G,3J,3C,3H,3D,3I,3K
31,CDEFIJKL,3C,3J,3E,3D,3I,3F,3L,3K
32,CDEFHJKL,3C,3J,3E,3D,3H,3F,3L,3K
33,CDEFHIKL,3C,3E,3I,3D,3H,3F,3L,3K
34,CDEFHIJL,3C,3J,3E,3D,3H,3F,3L,3I
35,CDEFHIJK,3C,3J,3E,3D,3H,3F,3I,3K
36,CDEFGJKL,3C,3G,3E,3D,3J,3F,3L,3K
37,CDEFGIKL,3C,3G,3E,3D,3I,3F,3L,3K
38,CDEFGIJL,3C,3G,3E,3D,3J,3F,3L,3I
39,CDEFGIJK,3C,3G,3E,3D,3J,3F,3I,3K
40,CDEFGHKL,3C,3G,3E,3D,3H,3F,3L,3K
41,CDEFGHJL,3C,3G,3J,3D,3H,3F,3L,3E
42,CDEFGHJK,3C,3G,3J,3D,3H,3F,3E,3K
43,CDEFGHIL,3C,3G,3E,3D,3H,3F,3L,3I
44,CDEFGHIK,3C,3G,3E,3D,3H,3F,3I,3K
45,CDEFGHIJ,3C,3G,3J,3D,3H,3F,3E,3I
46,BFGHIJKL,3H,3J,3B,3F,3I,3G,3L,3K
47,BEGHIJKL,3E,3J,3I,3B,3H,3G,3L,3K
48,BEFHIJKL,3E,3J,3B,3F,3I,3H,3L,3K
49,BEFGIJKL,3E,3J,3B,3F,3I,3G,3L,3K
50,BEFGHJKL,3E,3J,3B,3F,3H,3G,3L,3K
51,BEFGHIKL,3E,3G,3B,3F,3I,3H,3L,3K
52,BEFGHIJL,3E,3J,3B,3F,3H,3G,3L,3I
53,BEFGHIJK,3E,3J,3B,3F,3H,3G,3I,3K
54,BDGHIJKL,3H,3J,3B,3D,3I,3G,3L,3K
55,BDFHIJKL,3H,3J,3B,3D,3I,3F,3L,3K
56,BDFGIJKL,3I,3G,3B,3D,3J,3F,3L,3K
57,BDFGHJKL,3H,3G,3B,3D,3J,3F,3L,3K
58,BDFGHIKL,3H,3G,3B,3D,3I,3F,3L,3K
59,BDFGHIJL,3H,3G,3B,3D,3J,3F,3L,3I
60,BDFGHIJK,3H,3G,3B,3D,3J,3F,3I,3K
61,BDEHIJKL,3E,3J,3B,3D,3I,3H,3L,3K
62,BDEGIJKL,3E,3J,3B,3D,3I,3G,3L,3K
63,BDEGHJKL,3E,3J,3B,3D,3H,3G,3L,3K
64,BDEGHIKL,3E,3G,3B,3D,3I,3H,3L,3K
65,BDEGHIJL,3E,3J,3B,3D,3H,3G,3L,3I
66,BDEGHIJK,3E,3J,3B,3D,3H,3G,3I,3K
67,BDEFIJKL,3E,3J,3B,3D,3I,3F,3L,3K
68,BDEFHJKL,3E,3J,3B,3D,3H,3F,3L,3K
69,BDEFHIKL,3E,3I,3B,3D,3H,3F,3L,3K
70,BDEFHIJL,3E,3J,3B,3D,3H,3F,3L,3I
71,BDEFHIJK,3E,3J,3B,3D,3H,3F,3I,3K
72,BDEFGJKL,3E,3G,3B,3D,3J,3F,3L,3K
73,BDEFGIKL,3E,3G,3B,3D,3I,3F,3L,3K
74,BDEFGIJL,3E,3G,3B,3D,3J,3F,3L,3I
75,BDEFGIJK,3E,3G,3B,3D,3J,3F,3I,3K
76,BDEFGHKL,3E,3G,3B,3D,3H,3F,3L,3K
77,BDEFGHJL,3H,3G,3B,3D,3J,3F,3L,3E
78,BDEFGHJK,3H,3G,3B,3D,3J,3F,3E,3K
79,BDEFGHIL,3E,3G,3B,3D,3H,3F,3L,3I
80,BDEFGHIK,3E,3G,3B,3D,3H,3F,3I,3K
81,BDEFGHIJ,3H,3G,3B,3D,3J,3F,3E,3I
82,BCGHIJKL,3H,3J,3B,3C,3I,3G,3L,3K
83,BCFHIJKL,3H,3J,3B,3C,3I,3F,3L,3K
84,BCFGIJKL,3I,3G,3B,3C,3J,3F,3L,3K
85,BCFGHJKL,3H,3G,3B,3C,3J,3F,3L,3K
86,BCFGHIKL,3H,3G,3B,3C,3I,3F,3L,3K
87,BCFGHIJL,3H,3G,3B,3C,3J,3F,3L,3I
88,BCFGHIJK,3H,3G,3B,3C,3J,3F,3I,3K
89,BCEHIJKL,3E,3J,3B,3C,3I,3H,3L,3K
90,BCEGIJKL,3E,3J,3B,3C,3I,3G,3L,3K
91,BCEGHJKL,3E,3J,3B,3C,3H,3G,3L,3K
92,BCEGHIKL,3E,3G,3B,3C,3I,3H,3L,3K
93,BCEGHIJL,3E,3J,3B,3C,3H,3G,3L,3I
94,BCEGHIJK,3E,3J,3B,3C,3H,3G,3I,3K
95,BCEFIJKL,3E,3J,3B,3C,3I,3F,3L,3K
96,BCEFHJKL,3E,3J,3B,3C,3H,3F,3L,3K
97,BCEFHIKL,3E,3I,3B,3C,3H,3F,3L,3K
98,BCEFHIJL,3E,3J,3B,3C,3H,3F,3L,3I
99,BCEFHIJK,3E,3J,3B,3C,3H,3F,3I,3K
100,BCEFGJKL,3E,3G,3B,3C,3J,3F,3L,3K
101,BCEFGIKL,3E,3G,3B,3C,3I,3F,3L,3K
102,BCEFGIJL,3E,3G,3B,3C,3J,3F,3L,3I
103,BCEFGIJK,3E,3G,3B,3C,3J,3F,3I,3K
104,BCEFGHKL,3E,3G,3B,3C,3H,3F,3L,3K
105,BCEFGHJL,3H,3G,3B,3C,3J,3F,3L,3E
106,BCEFGHJK,3H,3G,3B,3C,3J,3F,3E,3K
107,BCEFGHIL,3E,3G,3B,3C,3H,3F,3L,3I
108,BCEFGHIK,3E,3G,3B,3C,3H,3F,3I,3K
109,BCEFGHIJ,3H,3G,3B,3C,3J,3F,3E,3I
110,BCDHIJKL,3H,3J,3B,3C,3I,3D,3L,3K
111,BCDGIJKL,3I,3G,3B,3C,3J,3D,3L,3K
112,BCDGHJKL,3H,3G,3B,3C,3J,3D,3L,3K
113,BCDGHIKL,3H,3G,3B,3C,3I,3D,3L,3K
114,BCDGHIJL,3H,3G,3B,3C,3J,3D,3L,3I
115,BCDGHIJK,3H,3G,3B,3C,3J,3D,3I,3K
116,BCDFIJKL,3C,3J,3B,3D,3I,3F,3L,3K
117,BCDFHJKL,3C,3J,3B,3D,3H,3F,3L,3K
118,BCDFHIKL,3C,3I,3B,3D,3H,3F,3L,3K
119,BCDFHIJL,3C,3J,3B,3D,3H,3F,3L,3I
120,BCDFHIJK,3C,3J,3B,3D,3H,3F,3I,3K
121,BCDFGJKL,3C,3G,3B,3D,3J,3F,3L,3K
122,BCDFGIKL,3C,3G,3B,3D,3I,3F,3L,3K
123,BCDFGIJL,3C,3G,3B,3D,3J,3F,3L,3I
124,BCDFGIJK,3C,3G,3B,3D,3J,3F,3I,3K
125,BCDFGHKL,3C,3G,3B,3D,3H,3F,3L,3K
126,BCDFGHJL,3C,3G,3B,3D,3H,3F,3L,3J
127,BCDFGHJK,3H,3G,3B,3C,3J,3F,3D,3K
128,BCDFGHIL,3C,3G,3B,3D,3H,3F,3L,3I
129,BCDFGHIK,3C,3G,3B,3D,3H,3F,3I,3K
130,BCDFGHIJ,3H,3G,3B,3C,3J,3F,3D,3I
131,BCDEIJKL,3E,3J,3B,3C,3I,3D,3L,3K
132,BCDEHJKL,3E,3J,3B,3C,3H,3D,3L,3K
133,BCDEHIKL,3E,3I,3B,3C,3H,3D,3L,3K
134,BCDEHIJL,3E,3J,3B,3C,3H,3D,3L,3I
135,BCDEHIJK,3E,3J,3B,3C,3H,3D,3I,3K
136,BCDEGJKL,3E,3G,3B,3C,3J,3D,3L,3K
137,BCDEGIKL,3E,3G,3B,3C,3I,3D,3L,3K
138,BCDEGIJL,3E,3G,3B,3C,3J,3D,3L,3I
139,BCDEGIJK,3E,3G,3B,3C,3J,3D,3I,3K
140,BCDEGHKL,3E,3G,3B,3C,3H,3D,3L,3K
141,BCDEGHJL,3H,3G,3B,3C,3J,3D,3L,3E
142,BCDEGHJK,3H,3G,3B,3C,3J,3D,3E,3K
143,BCDEGHIL,3E,3G,3B,3C,3H,3D,3L,3I
144,BCDEGHIK,3E,3G,3B,3C,3H,3D,3I,3K
145,BCDEGHIJ,3H,3G,3B,3C,3J,3D,3E,3I
146,BCDEFJKL,3C,3J,3B,3D,3E,3F,3L,3K
147,BCDEFIKL,3C,3E,3B,3D,3I,3F,3L,3K
148,BCDEFIJL,3C,3J,3B,3D,3E,3F,3L,3I
149,BCDEFIJK,3C,3J,3B,3D,3E,3F,3I,3K
150,BCDEFHKL,3C,3E,3B,3D,3H,3F,3L,3K
151,BCDEFHJL,3C,3J,3B,3D,3H,3F,3L,3E
152,BCDEFHJK,3C,3J,3B,3D,3H,3F,3E,3K
153,BCDEFHIL,3C,3E,3B,3D,3H,3F,3L,3I
154,BCDEFHIK,3C,3E,3B,3D,3H,3F,3I,3K
155,BCDEFHIJ,3C,3J,3B,3D,3H,3F,3E,3I
156,BCDEFGKL,3C,3G,3B,3D,3E,3F,3L,3K
157,BCDEFGJL,3C,3G,3B,3D,3J,3F,3L,3E
158,BCDEFGJK,3C,3G,3B,3D,3J,3F,3E,3K
159,BCDEFGIL,3C,3G,3B,3D,3E,3F,3L,3I
160,BCDEFGIK,3C,3G,3B,3D,3E,3F,3I,3K
161,BCDEFGIJ,3C,3G,3B,3D,3J,3F,3E,3I
162,BCDEFGHL,3C,3G,3B,3D,3H,3F,3L,3E
163,BCDEFGHK,3C,3G,3B,3D,3H,3F,3E,3K
164,BCDEFGHJ,3H,3G,3B,3C,3J,3F,3D,3E
165,BCDEFGHI,3C,3G,3B,3D,3H,3F,3E,3I
166,AFGHIJKL,3H,3J,3I,3F,3A,3G,3L,3K
167,AEGHIJKL,3E,3J,3I,3A,3H,3G,3L,3K
168,AEFHIJKL,3E,3J,3I,3F,3A,3H,3L,3K
169,AEFGIJKL,3E,3J,3I,3F,3A,3G,3L,3K
170,AEFGHJKL,3E,3G,3J,3F,3A,3H,3L,3K
171,AEFGHIKL,3E,3G,3I,3F,3A,3H,3L,3K
172,AEFGHIJL,3E,3G,3J,3F,3A,3H,3L,3I
173,AEFGHIJK,3E,3G,3J,3F,3A,3H,3I,3K
174,ADGHIJKL,3H,3J,3I,3D,3A,3G,3L,3K
175,ADFHIJKL,3H,3J,3I,3D,3A,3F,3L,3K
176,ADFGIJKL,3I,3G,3J,3D,3A,3F,3L,3K
177,ADFGHJKL,3H,3G,3J,3D,3A,3F,3L,3K
178,ADFGHIKL,3H,3G,3I,3D,3A,3F,3L,3K
179,ADFGHIJL,3H,3G,3J,3D,3A,3F,3L,3I
180,ADFGHIJK,3H,3G,3J,3D,3A,3F,3I,3K
181,ADEHIJKL,3E,3J,3I,3D,3A,3H,3L,3K
182,ADEGIJKL,3E,3J,3I,3D,3A,3G,3L,3K
183,ADEGHJKL,3E,3G,3J,3D,3A,3H,3L,3K
184,ADEGHIKL,3E,3G,3I,3D,3A,3H,3L,3K
185,ADEGHIJL,3E,3G,3J,3D,3A,3H,3L,3I
186,ADEGHIJK,3E,3G,3J,3D,3A,3H,3I,3K
187,ADEFIJKL,3E,3J,3I,3D,3A,3F,3L,3K
188,ADEFHJKL,3H,3J,3E,3D,3A,3F,3L,3K
189,ADEFHIKL,3H,3E,3I,3D,3A,3F,3L,3K
190,ADEFHIJL,3H,3J,3E,3D,3A,3F,3L,3I
191,ADEFHIJK,3H,3J,3E,3D,3A,3F,3I,3K
192,ADEFGJKL,3E,3G,3J,3D,3A,3F,3L,3K
193,ADEFGIKL,3E,3G,3I,3D,3A,3F,3L,3K
194,ADEFGIJL,3E,3G,3J,3D,3A,3F,3L,3I
195,ADEFGIJK,3E,3G,3J,3D,3A,3F,3I,3K
196,ADEFGHKL,3H,3G,3E,3D,3A,3F,3L,3K
197,ADEFGHJL,3H,3G,3J,3D,3A,3F,3L,3E
198,ADEFGHJK,3H,3G,3J,3D,3A,3F,3E,3K
199,ADEFGHIL,3H,3G,3E,3D,3A,3F,3L,3I
200,ADEFGHIK,3H,3G,3E,3D,3A,3F,3I,3K
201,ADEFGHIJ,3H,3G,3J,3D,3A,3F,3E,3I
202,ACGHIJKL,3H,3J,3I,3C,3A,3G,3L,3K
203,ACFHIJKL,3H,3J,3I,3C,3A,3F,3L,3K
204,ACFGIJKL,3I,3G,3J,3C,3A,3F,3L,3K
205,ACFGHJKL,3H,3G,3J,3C,3A,3F,3L,3K
206,ACFGHIKL,3H,3G,3I,3C,3A,3F,3L,3K
207,ACFGHIJL,3H,3G,3J,3C,3A,3F,3L,3I
208,ACFGHIJK,3H,3G,3J,3C,3A,3F,3I,3K
209,ACEHIJKL,3E,3J,3I,3C,3A,3H,3L,3K
210,ACEGIJKL,3E,3J,3I,3C,3A,3G,3L,3K
211,ACEGHJKL,3E,3G,3J,3C,3A,3H,3L,3K
212,ACEGHIKL,3E,3G,3I,3C,3A,3H,3L,3K
213,ACEGHIJL,3E,3G,3J,3C,3A,3H,3L,3I
214,ACEGHIJK,3E,3G,3J,3C,3A,3H,3I,3K
215,ACEFIJKL,3E,3J,3I,3C,3A,3F,3L,3K
216,ACEFHJKL,3H,3J,3E,3C,3A,3F,3L,3K
217,ACEFHIKL,3H,3E,3I,3C,3A,3F,3L,3K
218,ACEFHIJL,3H,3J,3E,3C,3A,3F,3L,3I
219,ACEFHIJK,3H,3J,3E,3C,3A,3F,3I,3K
220,ACEFGJKL,3E,3G,3J,3C,3A,3F,3L,3K
221,ACEFGIKL,3E,3G,3I,3C,3A,3F,3L,3K
222,ACEFGIJL,3E,3G,3J,3C,3A,3F,3L,3I
223,ACEFGIJK,3E,3G,3J,3C,3A,3F,3I,3K
224,ACEFGHKL,3H,3G,3E,3C,3A,3F,3L,3K
225,ACEFGHJL,3H,3G,3J,3C,3A,3F,3L,3E
226,ACEFGHJK,3H,3G,3J,3C,3A,3F,3E,3K
227,ACEFGHIL,3H,3G,3E,3C,3A,3F,3L,3I
228,ACEFGHIK,3H,3G,3E,3C,3A,3F,3I,3K
229,ACEFGHIJ,3H,3G,3J,3C,3A,3F,3E,3I
230,ACDHIJKL,3H,3J,3I,3C,3A,3D,3L,3K
231,ACDGIJKL,3I,3G,3J,3C,3A,3D,3L,3K
232,ACDGHJKL,3H,3G,3J,3C,3A,3D,3L,3K
233,ACDGHIKL,3H,3G,3I,3C,3A,3D,3L,3K
234,ACDGHIJL,3H,3G,3J,3C,3A,3D,3L,3I
235,ACDGHIJK,3H,3G,3J,3C,3A,3D,3I,3K
236,ACDFIJKL,3C,3J,3I,3D,3A,3F,3L,3K
237,ACDFHJKL,3H,3J,3F,3C,3A,3D,3L,3K
238,ACDFHIKL,3H,3F,3I,3C,3A,3D,3L,3K
239,ACDFHIJL,3H,3J,3F,3C,3A,3D,3L,3I
240,ACDFHIJK,3H,3J,3F,3C,3A,3D,3I,3K
241,ACDFGJKL,3C,3G,3J,3D,3A,3F,3L,3K
242,ACDFGIKL,3C,3G,3I,3D,3A,3F,3L,3K
243,ACDFGIJL,3C,3G,3J,3D,3A,3F,3L,3I
244,ACDFGIJK,3C,3G,3J,3D,3A,3F,3I,3K
245,ACDFGHKL,3H,3G,3F,3C,3A,3D,3L,3K
246,ACDFGHJL,3C,3G,3J,3D,3A,3F,3L,3H
247,ACDFGHJK,3H,3G,3J,3C,3A,3F,3D,3K
248,ACDFGHIL,3H,3G,3F,3C,3A,3D,3L,3I
249,ACDFGHIK,3H,3G,3F,3C,3A,3D,3I,3K
250,ACDFGHIJ,3H,3G,3J,3C,3A,3F,3D,3I
251,ACDEIJKL,3E,3J,3I,3C,3A,3D,3L,3K
252,ACDEHJKL,3H,3J,3E,3C,3A,3D,3L,3K
253,ACDEHIKL,3H,3E,3I,3C,3A,3D,3L,3K
254,ACDEHIJL,3H,3J,3E,3C,3A,3D,3L,3I
255,ACDEHIJK,3H,3J,3E,3C,3A,3D,3I,3K
256,ACDEGJKL,3E,3G,3J,3C,3A,3D,3L,3K
257,ACDEGIKL,3E,3G,3I,3C,3A,3D,3L,3K
258,ACDEGIJL,3E,3G,3J,3C,3A,3D,3L,3I
259,ACDEGIJK,3E,3G,3J,3C,3A,3D,3I,3K
260,ACDEGHKL,3H,3G,3E,3C,3A,3D,3L,3K
261,ACDEGHJL,3H,3G,3J,3C,3A,3D,3L,3E
262,ACDEGHJK,3H,3G,3J,3C,3A,3D,3E,3K
263,ACDEGHIL,3H,3G,3E,3C,3A,3D,3L,3I
264,ACDEGHIK,3H,3G,3E,3C,3A,3D,3I,3K
265,ACDEGHIJ,3H,3G,3J,3C,3A,3D,3E,3I
266,ACDEFJKL,3C,3J,3E,3D,3A,3F,3L,3K
267,ACDEFIKL,3C,3E,3I,3D,3A,3F,3L,3K
268,ACDEFIJL,3C,3J,3E,3D,3A,3F,3L,3I
269,ACDEFIJK,3C,3J,3E,3D,3A,3F,3I,3K
270,ACDEFHKL,3H,3E,3F,3C,3A,3D,3L,3K
271,ACDEFHJL,3H,3J,3F,3C,3A,3D,3L,3E
272,ACDEFHJK,3H,3J,3E,3C,3A,3F,3D,3K
273,ACDEFHIL,3H,3E,3F,3C,3A,3D,3L,3I
274,ACDEFHIK,3H,3E,3F,3C,3A,3D,3I,3K
275,ACDEFHIJ,3H,3J,3E,3C,3A,3F,3D,3I
276,ACDEFGKL,3C,3G,3E,3D,3A,3F,3L,3K
277,ACDEFGJL,3C,3G,3J,3D,3A,3F,3L,3E
278,ACDEFGJK,3C,3G,3J,3D,3A,3F,3E,3K
279,ACDEFGIL,3C,3G,3E,3D,3A,3F,3L,3I
280,ACDEFGIK,3C,3G,3E,3D,3A,3F,3I,3K
281,ACDEFGIJ,3C,3G,3J,3D,3A,3F,3E,3I
282,ACDEFGHL,3H,3G,3F,3C,3A,3D,3L,3E
283,ACDEFGHK,3H,3G,3E,3C,3A,3F,3D,3K
284,ACDEFGHJ,3H,3G,3J,3C,3A,3F,3D,3E
285,ACDEFGHI,3H,3G,3E,3C,3A,3F,3D,3I
286,ABGHIJKL,3H,3J,3B,3A,3I,3G,3L,3K
287,ABFHIJKL,3H,3J,3B,3A,3I,3F,3L,3K
288,ABFGIJKL,3I,3J,3B,3F,3A,3G,3L,3K
289,ABFGHJKL,3H,3J,3B,3F,3A,3G,3L,3K
290,ABFGHIKL,3H,3G,3B,3A,3I,3F,3L,3K
291,ABFGHIJL,3H,3J,3B,3F,3A,3G,3L,3I
292,ABFGHIJK,3H,3J,3B,3F,3A,3G,3I,3K
293,ABEHIJKL,3E,3J,3B,3A,3I,3H,3L,3K
294,ABEGIJKL,3E,3J,3B,3A,3I,3G,3L,3K
295,ABEGHJKL,3E,3J,3B,3A,3H,3G,3L,3K
296,ABEGHIKL,3E,3G,3B,3A,3I,3H,3L,3K
297,ABEGHIJL,3E,3J,3B,3A,3H,3G,3L,3I
298,ABEGHIJK,3E,3J,3B,3A,3H,3G,3I,3K
299,ABEFIJKL,3E,3J,3B,3A,3I,3F,3L,3K
300,ABEFHJKL,3E,3J,3B,3F,3A,3H,3L,3K
301,ABEFHIKL,3E,3I,3B,3F,3A,3H,3L,3K
302,ABEFHIJL,3E,3J,3B,3F,3A,3H,3L,3I
303,ABEFHIJK,3E,3J,3B,3F,3A,3H,3I,3K
304,ABEFGJKL,3E,3J,3B,3F,3A,3G,3L,3K
305,ABEFGIKL,3E,3G,3B,3A,3I,3F,3L,3K
306,ABEFGIJL,3E,3J,3B,3F,3A,3G,3L,3I
307,ABEFGIJK,3E,3J,3B,3F,3A,3G,3I,3K
308,ABEFGHKL,3E,3G,3B,3F,3A,3H,3L,3K
309,ABEFGHJL,3H,3J,3B,3F,3A,3G,3L,3E
310,ABEFGHJK,3H,3J,3B,3F,3A,3G,3E,3K
311,ABEFGHIL,3E,3G,3B,3F,3A,3H,3L,3I
312,ABEFGHIK,3E,3G,3B,3F,3A,3H,3I,3K
313,ABEFGHIJ,3H,3J,3B,3F,3A,3G,3E,3I
314,ABDHIJKL,3I,3J,3B,3D,3A,3H,3L,3K
315,ABDGIJKL,3I,3J,3B,3D,3A,3G,3L,3K
316,ABDGHJKL,3H,3J,3B,3D,3A,3G,3L,3K
317,ABDGHIKL,3I,3G,3B,3D,3A,3H,3L,3K
318,ABDGHIJL,3H,3J,3B,3D,3A,3G,3L,3I
319,ABDGHIJK,3H,3J,3B,3D,3A,3G,3I,3K
320,ABDFIJKL,3I,3J,3B,3D,3A,3F,3L,3K
321,ABDFHJKL,3H,3J,3B,3D,3A,3F,3L,3K
322,ABDFHIKL,3H,3I,3B,3D,3A,3F,3L,3K
323,ABDFHIJL,3H,3J,3B,3D,3A,3F,3L,3I
324,ABDFHIJK,3H,3J,3B,3D,3A,3F,3I,3K
325,ABDFGJKL,3F,3J,3B,3D,3A,3G,3L,3K
326,ABDFGIKL,3I,3G,3B,3D,3A,3F,3L,3K
327,ABDFGIJL,3F,3J,3B,3D,3A,3G,3L,3I
328,ABDFGIJK,3F,3J,3B,3D,3A,3G,3I,3K
329,ABDFGHKL,3H,3G,3B,3D,3A,3F,3L,3K
330,ABDFGHJL,3H,3G,3B,3D,3A,3F,3L,3J
331,ABDFGHJK,3H,3G,3B,3D,3A,3F,3J,3K
332,ABDFGHIL,3H,3G,3B,3D,3A,3F,3L,3I
333,ABDFGHIK,3H,3G,3B,3D,3A,3F,3I,3K
334,ABDFGHIJ,3H,3G,3B,3D,3A,3F,3I,3J
335,ABDEIJKL,3E,3J,3B,3A,3I,3D,3L,3K
336,ABDEHJKL,3E,3J,3B,3D,3A,3H,3L,3K
337,ABDEHIKL,3E,3I,3B,3D,3A,3H,3L,3K
338,ABDEHIJL,3E,3J,3B,3D,3A,3H,3L,3I
339,ABDEHIJK,3E,3J,3B,3D,3A,3H,3I,3K
340,ABDEGJKL,3E,3J,3B,3D,3A,3G,3L,3K
341,ABDEGIKL,3E,3G,3B,3A,3I,3D,3L,3K
342,ABDEGIJL,3E,3J,3B,3D,3A,3G,3L,3I
343,ABDEGIJK,3E,3J,3B,3D,3A,3G,3I,3K
344,ABDEGHKL,3E,3G,3B,3D,3A,3H,3L,3K
345,ABDEGHJL,3H,3J,3B,3D,3A,3G,3L,3E
346,ABDEGHJK,3H,3J,3B,3D,3A,3G,3E,3K
347,ABDEGHIL,3E,3G,3B,3D,3A,3H,3L,3I
348,ABDEGHIK,3E,3G,3B,3D,3A,3H,3I,3K
349,ABDEGHIJ,3H,3J,3B,3D,3A,3G,3E,3I
350,ABDEFJKL,3E,3J,3B,3D,3A,3F,3L,3K
351,ABDEFIKL,3E,3I,3B,3D,3A,3F,3L,3K
352,ABDEFIJL,3E,3J,3B,3D,3A,3F,3L,3I
353,ABDEFIJK,3E,3J,3B,3D,3A,3F,3I,3K
354,ABDEFHKL,3H,3E,3B,3D,3A,3F,3L,3K
355,ABDEFHJL,3H,3J,3B,3D,3A,3F,3L,3E
356,ABDEFHJK,3H,3J,3B,3D,3A,3F,3E,3K
357,ABDEFHIL,3H,3E,3B,3D,3A,3F,3L,3I
358,ABDEFHIK,3H,3E,3B,3D,3A,3F,3I,3K
359,ABDEFHIJ,3H,3J,3B,3D,3A,3F,3E,3I
360,ABDEFGKL,3E,3G,3B,3D,3A,3F,3L,3K
361,ABDEFGJL,3E,3G,3B,3D,3A,3F,3L,3J
362,ABDEFGJK,3E,3G,3B,3D,3A,3F,3J,3K
363,ABDEFGIL,3E,3G,3B,3D,3A,3F,3L,3I
364,ABDEFGIK,3E,3G,3B,3D,3A,3F,3I,3K
365,ABDEFGIJ,3E,3G,3B,3D,3A,3F,3I,3J
366,ABDEFGHL,3H,3G,3B,3D,3A,3F,3L,3E
367,ABDEFGHK,3H,3G,3B,3D,3A,3F,3E,3K
368,ABDEFGHJ,3H,3G,3B,3D,3A,3F,3E,3J
369,ABDEFGHI,3H,3G,3B,3D,3A,3F,3E,3I
370,ABCHIJKL,3I,3J,3B,3C,3A,3H,3L,3K
371,ABCGIJKL,3I,3J,3B,3C,3A,3G,3L,3K
372,ABCGHJKL,3H,3J,3B,3C,3A,3G,3L,3K
373,ABCGHIKL,3I,3G,3B,3C,3A,3H,3L,3K
374,ABCGHIJL,3H,3J,3B,3C,3A,3G,3L,3I
375,ABCGHIJK,3H,3J,3B,3C,3A,3G,3I,3K
376,ABCFIJKL,3I,3J,3B,3C,3A,3F,3L,3K
377,ABCFHJKL,3H,3J,3B,3C,3A,3F,3L,3K
378,ABCFHIKL,3H,3I,3B,3C,3A,3F,3L,3K
379,ABCFHIJL,3H,3J,3B,3C,3A,3F,3L,3I
380,ABCFHIJK,3H,3J,3B,3C,3A,3F,3I,3K
381,ABCFGJKL,3C,3J,3B,3F,3A,3G,3L,3K
382,ABCFGIKL,3I,3G,3B,3C,3A,3F,3L,3K
383,ABCFGIJL,3C,3J,3B,3F,3A,3G,3L,3I
384,ABCFGIJK,3C,3J,3B,3F,3A,3G,3I,3K
385,ABCFGHKL,3H,3G,3B,3C,3A,3F,3L,3K
386,ABCFGHJL,3H,3G,3B,3C,3A,3F,3L,3J
387,ABCFGHJK,3H,3G,3B,3C,3A,3F,3J,3K
388,ABCFGHIL,3H,3G,3B,3C,3A,3F,3L,3I
389,ABCFGHIK,3H,3G,3B,3C,3A,3F,3I,3K
390,ABCFGHIJ,3H,3G,3B,3C,3A,3F,3I,3J
391,ABCEIJKL,3E,3J,3B,3A,3I,3C,3L,3K
392,ABCEHJKL,3E,3J,3B,3C,3A,3H,3L,3K
393,ABCEHIKL,3E,3I,3B,3C,3A,3H,3L,3K
394,ABCEHIJL,3E,3J,3B,3C,3A,3H,3L,3I
395,ABCEHIJK,3E,3J,3B,3C,3A,3H,3I,3K
396,ABCEGJKL,3E,3J,3B,3C,3A,3G,3L,3K
397,ABCEGIKL,3E,3G,3B,3A,3I,3C,3L,3K
398,ABCEGIJL,3E,3J,3B,3C,3A,3G,3L,3I
399,ABCEGIJK,3E,3J,3B,3C,3A,3G,3I,3K
400,ABCEGHKL,3E,3G,3B,3C,3A,3H,3L,3K
401,ABCEGHJL,3H,3J,3B,3C,3A,3G,3L,3E
402,ABCEGHJK,3H,3J,3B,3C,3A,3G,3E,3K
403,ABCEGHIL,3E,3G,3B,3C,3A,3H,3L,3I
404,ABCEGHIK,3E,3G,3B,3C,3A,3H,3I,3K
405,ABCEGHIJ,3H,3J,3B,3C,3A,3G,3E,3I
406,ABCEFJKL,3E,3J,3B,3C,3A,3F,3L,3K
407,ABCEFIKL,3E,3I,3B,3C,3A,3F,3L,3K
408,ABCEFIJL,3E,3J,3B,3C,3A,3F,3L,3I
409,ABCEFIJK,3E,3J,3B,3C,3A,3F,3I,3K
410,ABCEFHKL,3H,3E,3B,3C,3A,3F,3L,3K
411,ABCEFHJL,3H,3J,3B,3C,3A,3F,3L,3E
412,ABCEFHJK,3H,3J,3B,3C,3A,3F,3E,3K
413,ABCEFHIL,3H,3E,3B,3C,3A,3F,3L,3I
414,ABCEFHIK,3H,3E,3B,3C,3A,3F,3I,3K
415,ABCEFHIJ,3H,3J,3B,3C,3A,3F,3E,3I
416,ABCEFGKL,3E,3G,3B,3C,3A,3F,3L,3K
417,ABCEFGJL,3E,3G,3B,3C,3A,3F,3L,3J
418,ABCEFGJK,3E,3G,3B,3C,3A,3F,3J,3K
419,ABCEFGIL,3E,3G,3B,3C,3A,3F,3L,3I
420,ABCEFGIK,3E,3G,3B,3C,3A,3F,3I,3K
421,ABCEFGIJ,3E,3G,3B,3C,3A,3F,3I,3J
422,ABCEFGHL,3H,3G,3B,3C,3A,3F,3L,3E
423,ABCEFGHK,3H,3G,3B,3C,3A,3F,3E,3K
424,ABCEFGHJ,3H,3G,3B,3C,3A,3F,3E,3J
425,ABCEFGHI,3H,3G,3B,3C,3A,3F,3E,3I
426,ABCDIJKL,3I,3J,3B,3C,3A,3D,3L,3K
427,ABCDHJKL,3H,3J,3B,3C,3A,3D,3L,3K
428,ABCDHIKL,3H,3I,3B,3C,3A,3D,3L,3K
429,ABCDHIJL,3H,3J,3B,3C,3A,3D,3L,3I
430,ABCDHIJK,3H,3J,3B,3C,3A,3D,3I,3K
431,ABCDGJKL,3C,3J,3B,3D,3A,3G,3L,3K
432,ABCDGIKL,3I,3G,3B,3C,3A,3D,3L,3K
433,ABCDGIJL,3C,3J,3B,3D,3A,3G,3L,3I
434,ABCDGIJK,3C,3J,3B,3D,3A,3G,3I,3K
435,ABCDGHKL,3H,3G,3B,3C,3A,3D,3L,3K
436,ABCDGHJL,3H,3G,3B,3C,3A,3D,3L,3J
437,ABCDGHJK,3H,3G,3B,3C,3A,3D,3J,3K
438,ABCDGHIL,3H,3G,3B,3C,3A,3D,3L,3I
439,ABCDGHIK,3H,3G,3B,3C,3A,3D,3I,3K
440,ABCDGHIJ,3H,3G,3B,3C,3A,3D,3I,3J
441,ABCDFJKL,3C,3J,3B,3D,3A,3F,3L,3K
442,ABCDFIKL,3C,3I,3B,3D,3A,3F,3L,3K
443,ABCDFIJL,3C,3J,3B,3D,3A,3F,3L,3I
444,ABCDFIJK,3C,3J,3B,3D,3A,3F,3I,3K
445,ABCDFHKL,3H,3F,3B,3C,3A,3D,3L,3K
446,ABCDFHJL,3C,3J,3B,3D,3A,3F,3L,3H
447,ABCDFHJK,3H,3J,3B,3C,3A,3F,3D,3K
448,ABCDFHIL,3H,3F,3B,3C,3A,3D,3L,3I
449,ABCDFHIK,3H,3F,3B,3C,3A,3D,3I,3K
450,ABCDFHIJ,3H,3J,3B,3C,3A,3F,3D,3I
451,ABCDFGKL,3C,3G,3B,3D,3A,3F,3L,3K
452,ABCDFGJL,3C,3G,3B,3D,3A,3F,3L,3J
453,ABCDFGJK,3C,3G,3B,3D,3A,3F,3J,3K
454,ABCDFGIL,3C,3G,3B,3D,3A,3F,3L,3I
455,ABCDFGIK,3C,3G,3B,3D,3A,3F,3I,3K
456,ABCDFGIJ,3C,3G,3B,3D,3A,3F,3I,3J
457,ABCDFGHL,3C,3G,3B,3D,3A,3F,3L,3H
458,ABCDFGHK,3H,3G,3B,3C,3A,3F,3D,3K
459,ABCDFGHJ,3H,3G,3B,3C,3A,3F,3D,3J
460,ABCDFGHI,3H,3G,3B,3C,3A,3F,3D,3I
461,ABCDEJKL,3E,3J,3B,3C,3A,3D,3L,3K
462,ABCDEIKL,3E,3I,3B,3C,3A,3D,3L,3K
463,ABCDEIJL,3E,3J,3B,3C,3A,3D,3L,3I
464,ABCDEIJK,3E,3J,3B,3C,3A,3D,3I,3K
465,ABCDEHKL,3H,3E,3B,3C,3A,3D,3L,3K
466,ABCDEHJL,3H,3J,3B,3C,3A,3D,3L,3E
467,ABCDEHJK,3H,3J,3B,3C,3A,3D,3E,3K
468,ABCDEHIL,3H,3E,3B,3C,3A,3D,3L,3I
469,ABCDEHIK,3H,3E,3B,3C,3A,3D,3I,3K
470,ABCDEHIJ,3H,3J,3B,3C,3A,3D,3E,3I
471,ABCDEGKL,3E,3G,3B,3C,3A,3D,3L,3K
472,ABCDEGJL,3E,3G,3B,3C,3A,3D,3L,3J
473,ABCDEGJK,3E,3G,3B,3C,3A,3D,3J,3K
474,ABCDEGIL,3E,3G,3B,3C,3A,3D,3L,3I
475,ABCDEGIK,3E,3G,3B,3C,3A,3D,3I,3K
476,ABCDEGIJ,3E,3G,3B,3C,3A,3D,3I,3J
477,ABCDEGHL,3H,3G,3B,3C,3A,3D,3L,3E
478,ABCDEGHK,3H,3G,3B,3C,3A,3D,3E,3K
479,ABCDEGHJ,3H,3G,3B,3C,3A,3D,3E,3J
480,ABCDEGHI,3H,3G,3B,3C,3A,3D,3E,3I
481,ABCDEFKL,3C,3E,3B,3D,3A,3F,3L,3K
482,ABCDEFJL,3C,3J,3B,3D,3A,3F,3L,3E
483,ABCDEFJK,3C,3J,3B,3D,3A,3F,3E,3K
484,ABCDEFIL,3C,3E,3B,3D,3A,3F,3L,3I
485,ABCDEFIK,3C,3E,3B,3D,3A,3F,3I,3K
486,ABCDEFIJ,3C,3J,3B,3D,3A,3F,3E,3I
487,ABCDEFHL,3H,3F,3B,3C,3A,3D,3L,3E
488,ABCDEFHK,3H,3E,3B,3C,3A,3F,3D,3K
489,ABCDEFHJ,3H,3J,3B,3C,3A,3F,3D,3E
490,ABCDEFHI,3H,3E,3B,3C,3A,3F,3D,3I
491,ABCDEFGL,3C,3G,3B,3D,3A,3F,3L,3E
492,ABCDEFGK,3C,3G,3B,3D,3A,3F,3E,3K
493,ABCDEFGJ,3C,3G,3B,3D,3A,3F,3E,3J
494,ABCDEFGI,3C,3G,3B,3D,3A,3F,3E,3I
495,ABCDEFGH,3H,3G,3B,3C,3A,3F,3D,3E